onset	duration	nwb_table	temporal_frequency	spatial_frequency	direction	contrast
435.0	60.0	epochs	1.0	0.04	45.0	0.8
526.0	60.0	epochs	1.0	0.04	0.0	0.8
616.0	60.0	epochs	1.0	0.04	225.0	0.4
707.0	60.0	epochs	1.0	0.04	90.0	0.05
797.0	60.0	epochs	1.0	0.04	270.0	0.2
888.0	60.0	epochs	1.0	0.04	90.0	0.6
978.0	60.0	epochs	1.0	0.04	45.0	0.05
1069.0	60.0	epochs	1.0	0.04	45.0	0.4
1159.0	60.0	epochs	1.0	0.04	180.0	0.2
1250.0	60.0	epochs	1.0	0.04	90.0	0.2
1340.0	60.0	epochs	1.0	0.04	45.0	0.05
1431.0	60.0	epochs	1.0	0.04	315.0	0.05
1521.0	60.0	epochs	1.0	0.04	315.0	0.05
1612.0	60.0	epochs	1.0	0.04	315.0	0.6
1702.0	60.0	epochs	1.0	0.04	90.0	0.1
1793.0	60.0	epochs	1.0	0.04	270.0	0.6
1884.0	59.0	epochs	1.0	0.04	45.0	0.1
1974.0	60.0	epochs	1.0	0.04	315.0	0.2
2065.0	59.0	epochs	1.0	0.04	180.0	0.2
2155.0	60.0	epochs	1.0	0.04	225.0	0.8
2246.0	59.0	epochs	1.0	0.04	135.0	0.4
2336.0	60.0	epochs	1.0	0.04	315.0	0.4
2427.0	60.0	epochs	1.0	0.04	180.0	0.8
2517.0	60.0	epochs	1.0	0.04	135.0	0.05
2608.0	60.0	epochs	1.0	0.04	225.0	0.1
2698.0	60.0	epochs	1.0	0.04	180.0	0.1
2789.0	60.0	epochs	1.0	0.04	225.0	0.1
2879.0	60.0	epochs	1.0	0.04	0.0	0.4
2970.0	60.0	epochs	1.0	0.04	270.0	0.2
3060.0	60.0	epochs	1.0	0.04	315.0	0.2
3151.0	60.0	epochs	1.0	0.04	135.0	0.8
3241.0	60.0	epochs	1.0	0.04	180.0	0.2
3332.0	60.0	epochs	1.0	0.04	180.0	0.6
3422.0	60.0	epochs	1.0	0.04	225.0	0.05
3513.0	60.0	epochs	1.0	0.04	90.0	0.6
3603.0	60.0	epochs	1.0	0.04	180.0	0.8
3694.0	60.0	epochs	1.0	0.04	225.0	0.1
3785.0	59.0	epochs	1.0	0.04	135.0	0.1
3875.0	60.0	epochs	1.0	0.04	135.0	0.1
3966.0	59.0	epochs	1.0	0.04	270.0	0.6
4056.0	60.0	epochs	1.0	0.04	0.0	0.1
4147.0	59.0	epochs	1.0	0.04	0.0	0.6
4237.0	60.0	epochs	1.0	0.04	225.0	0.8
4328.0	60.0	epochs	1.0	0.04	270.0	0.05
4418.0	60.0	epochs	1.0	0.04	225.0	0.4
4509.0	60.0	epochs	1.0	0.04	225.0	0.2
4599.0	60.0	epochs	1.0	0.04	270.0	0.6
4690.0	60.0	epochs	1.0	0.04	135.0	0.05
4780.0	60.0	epochs				
4871.0	60.0	epochs	1.0	0.04	45.0	0.1
4961.0	60.0	epochs	1.0	0.04	135.0	0.05
5052.0	60.0	epochs	1.0	0.04	45.0	0.6
5142.0	60.0	epochs	1.0	0.04	45.0	0.4
5233.0	60.0	epochs	1.0	0.04	225.0	0.8
5323.0	60.0	epochs	1.0	0.04	0.0	0.6
5414.0	60.0	epochs	1.0	0.04	45.0	0.4
5504.0	60.0	epochs	1.0	0.04	315.0	0.1
5595.0	60.0	epochs	1.0	0.04	90.0	0.6
5686.0	59.0	epochs	1.0	0.04	315.0	0.1
5776.0	60.0	epochs	1.0	0.04	0.0	0.1
5867.0	59.0	epochs	1.0	0.04	90.0	0.4
5957.0	60.0	epochs	1.0	0.04	0.0	0.1
6048.0	59.0	epochs	1.0	0.04	180.0	0.4
6138.0	60.0	epochs	1.0	0.04	45.0	0.2
6229.0	60.0	epochs	1.0	0.04	180.0	0.05
6319.0	60.0	epochs	1.0	0.04	315.0	0.6
6410.0	60.0	epochs	1.0	0.04	225.0	0.1
6500.0	60.0	epochs	1.0	0.04	45.0	0.4
6591.0	60.0	epochs	1.0	0.04	270.0	0.4
6681.0	60.0	epochs	1.0	0.04	180.0	0.1
6772.0	60.0	epochs	1.0	0.04	180.0	0.6
6862.0	60.0	epochs	1.0	0.04	225.0	0.1
6953.0	60.0	epochs	1.0	0.04	0.0	0.4
7043.0	60.0	epochs	1.0	0.04	0.0	0.8
7134.0	60.0	epochs	1.0	0.04	225.0	0.2
7224.0	60.0	epochs	1.0	0.04	270.0	0.4
7315.0	60.0	epochs	1.0	0.04	270.0	0.2
7405.0	60.0	epochs	1.0	0.04	180.0	0.05
7496.0	60.0	epochs	1.0	0.04	315.0	0.1
7587.0	59.0	epochs	1.0	0.04	225.0	0.05
7677.0	60.0	epochs	1.0	0.04	90.0	0.2
7768.0	59.0	epochs	1.0	0.04	225.0	0.2
7858.0	60.0	epochs	1.0	0.04	0.0	0.4
7949.0	59.0	epochs	1.0	0.04	90.0	0.2
8039.0	60.0	epochs	1.0	0.04	135.0	0.4
8130.0	60.0	epochs	1.0	0.04	270.0	0.4
8220.0	60.0	epochs	1.0	0.04	180.0	0.1
8311.0	60.0	epochs	1.0	0.04	225.0	0.05
8401.0	60.0	epochs	1.0	0.04	0.0	0.6
8492.0	60.0	epochs	1.0	0.04	180.0	0.4
8582.0	60.0	epochs	1.0	0.04	135.0	0.8
8673.0	60.0	epochs	1.0	0.04	90.0	0.8
8763.0	60.0	epochs	1.0	0.04	45.0	0.4
8854.0	60.0	epochs				
8944.0	60.0	epochs	1.0	0.04	45.0	0.4
9035.0	60.0	epochs	1.0	0.04	315.0	0.8
9125.0	60.0	epochs	1.0	0.04	315.0	0.6
9216.0	60.0	epochs	1.0	0.04	180.0	0.6
9306.0	60.0	epochs	1.0	0.04	225.0	0.8
9397.0	60.0	epochs	1.0	0.04	135.0	0.6
9488.0	59.0	epochs	1.0	0.04	45.0	0.8
9578.0	60.0	epochs	1.0	0.04	315.0	0.05
9669.0	59.0	epochs	1.0	0.04	270.0	0.1
9759.0	60.0	epochs	1.0	0.04	180.0	0.1
9850.0	59.0	epochs	1.0	0.04	45.0	0.2
9940.0	60.0	epochs	1.0	0.04	135.0	0.2
10031.0	60.0	epochs	1.0	0.04	180.0	0.4
10121.0	60.0	epochs	1.0	0.04	45.0	0.05
10212.0	60.0	epochs	1.0	0.04	0.0	0.4
10302.0	60.0	epochs	1.0	0.04	315.0	0.4
10393.0	60.0	epochs	1.0	0.04	180.0	0.8
10483.0	60.0	epochs	1.0	0.04	315.0	0.6
10574.0	60.0	epochs	1.0	0.04	180.0	0.6
10664.0	60.0	epochs	1.0	0.04	45.0	0.2
10755.0	60.0	epochs	1.0	0.04	270.0	0.05
10845.0	60.0	epochs	1.0	0.04	225.0	0.1
10936.0	60.0	epochs	1.0	0.04	225.0	0.2
11026.0	60.0	epochs	1.0	0.04	135.0	0.8
11117.0	60.0	epochs	1.0	0.04	180.0	0.6
11207.0	60.0	epochs	1.0	0.04	90.0	0.1
11298.0	60.0	epochs	1.0	0.04	0.0	0.1
11389.0	59.0	epochs	1.0	0.04	135.0	0.2
11479.0	60.0	epochs	1.0	0.04	315.0	0.2
11570.0	59.0	epochs	1.0	0.04	90.0	0.6
11660.0	60.0	epochs	1.0	0.04	225.0	0.2
11751.0	59.0	epochs	1.0	0.04	180.0	0.8
11841.0	60.0	epochs	1.0	0.04	135.0	0.8
11932.0	60.0	epochs	1.0	0.04	0.0	0.6
12022.0	60.0	epochs	1.0	0.04	45.0	0.05
12113.0	60.0	epochs	1.0	0.04	270.0	0.6
12203.0	60.0	epochs	1.0	0.04	225.0	0.2
12294.0	60.0	epochs	1.0	0.04	315.0	0.4
12384.0	60.0	epochs	1.0	0.04	225.0	0.2
12475.0	60.0	epochs	1.0	0.04	90.0	0.8
12565.0	60.0	epochs	1.0	0.04	135.0	0.05
12656.0	60.0	epochs	1.0	0.04	135.0	0.2
12746.0	60.0	epochs	1.0	0.04	180.0	0.05
12837.0	60.0	epochs	1.0	0.04	45.0	0.6
12927.0	60.0	epochs	1.0	0.04	90.0	0.1
13018.0	60.0	epochs	1.0	0.04	315.0	0.2
13108.0	60.0	epochs	1.0	0.04	90.0	0.6
13199.0	60.0	epochs	1.0	0.04	135.0	0.8
13290.0	59.0	epochs	1.0	0.04	0.0	0.2
13380.0	60.0	epochs	1.0	0.04	315.0	0.4
13471.0	59.0	epochs	1.0	0.04	315.0	0.4
13561.0	60.0	epochs	1.0	0.04	90.0	0.05
13652.0	59.0	epochs	1.0	0.04	225.0	0.2
13742.0	60.0	epochs	1.0	0.04	315.0	0.8
13833.0	59.0	epochs	1.0	0.04	45.0	0.1
13923.0	60.0	epochs	1.0	0.04	225.0	0.4
14014.0	60.0	epochs	1.0	0.04	315.0	0.2
14104.0	60.0	epochs	1.0	0.04	135.0	0.8
14195.0	60.0	epochs	1.0	0.04	315.0	0.8
14285.0	60.0	epochs	1.0	0.04	315.0	0.6
14376.0	60.0	epochs	1.0	0.04	135.0	0.05
14466.0	60.0	epochs	1.0	0.04	45.0	0.8
14557.0	60.0	epochs	1.0	0.04	180.0	0.2
14647.0	60.0	epochs	1.0	0.04	270.0	0.2
14738.0	60.0	epochs	1.0	0.04	90.0	0.2
14828.0	60.0	epochs	1.0	0.04	315.0	0.05
14919.0	60.0	epochs	1.0	0.04	45.0	0.8
15009.0	60.0	epochs	1.0	0.04	180.0	0.6
15100.0	60.0	epochs	1.0	0.04	270.0	0.1
15191.0	59.0	epochs	1.0	0.04	90.0	0.2
15281.0	60.0	epochs	1.0	0.04	315.0	0.05
15372.0	59.0	epochs	1.0	0.04	180.0	0.8
15462.0	60.0	epochs	1.0	0.04	225.0	0.6
15553.0	59.0	epochs	1.0	0.04	270.0	0.6
15643.0	60.0	epochs	1.0	0.04	225.0	0.6
15734.0	59.0	epochs	1.0	0.04	180.0	0.05
15824.0	60.0	epochs	1.0	0.04	180.0	0.1
15915.0	60.0	epochs	1.0	0.04	180.0	0.6
16005.0	60.0	epochs	1.0	0.04	270.0	0.8
16096.0	60.0	epochs	1.0	0.04	0.0	0.8
16186.0	60.0	epochs	1.0	0.04	90.0	0.8
16277.0	60.0	epochs	1.0	0.04	270.0	0.2
16367.0	60.0	epochs	1.0	0.04	315.0	0.4
16458.0	60.0	epochs	1.0	0.04	225.0	0.4
16548.0	60.0	epochs	1.0	0.04	225.0	0.8
16639.0	60.0	epochs	1.0	0.04	225.0	0.05
16729.0	60.0	epochs	1.0	0.04	45.0	0.2
16820.0	60.0	epochs				
16910.0	60.0	epochs	1.0	0.04	90.0	0.4
17001.0	60.0	epochs	1.0	0.04	90.0	0.8
17091.0	60.0	epochs	1.0	0.04	0.0	0.05
17182.0	60.0	epochs	1.0	0.04	315.0	0.8
17273.0	59.0	epochs	1.0	0.04	45.0	0.4
17363.0	60.0	epochs	1.0	0.04	270.0	0.2
17454.0	59.0	epochs	1.0	0.04	315.0	0.8
17544.0	60.0	epochs	1.0	0.04	270.0	0.2
17635.0	59.0	epochs	1.0	0.04	270.0	0.1
17725.0	60.0	epochs	1.0	0.04	270.0	0.1
17816.0	60.0	epochs	1.0	0.04	90.0	0.4
17906.0	60.0	epochs	1.0	0.04	90.0	0.1
17997.0	60.0	epochs	1.0	0.04	315.0	0.1
18087.0	60.0	epochs	1.0	0.04	135.0	0.4
18178.0	60.0	epochs	1.0	0.04	225.0	0.4
18268.0	60.0	epochs	1.0	0.04	270.0	0.1
18359.0	60.0	epochs	1.0	0.04	90.0	0.2
18449.0	60.0	epochs	1.0	0.04	0.0	0.2
18540.0	60.0	epochs	1.0	0.04	0.0	0.1
18630.0	60.0	epochs	1.0	0.04	45.0	0.05
18721.0	60.0	epochs	1.0	0.04	180.0	0.05
18811.0	60.0	epochs	1.0	0.04	315.0	0.2
18902.0	60.0	epochs	1.0	0.04	180.0	0.2
18992.0	60.0	epochs	1.0	0.04	315.0	0.8
19083.0	60.0	epochs	1.0	0.04	90.0	0.4
19174.0	59.0	epochs	1.0	0.04	315.0	0.1
19264.0	60.0	epochs	1.0	0.04	225.0	0.05
19355.0	59.0	epochs	1.0	0.04	225.0	0.4
19445.0	60.0	epochs	1.0	0.04	45.0	0.8
19536.0	59.0	epochs	1.0	0.04	270.0	0.6
19626.0	60.0	epochs	1.0	0.04	90.0	0.1
19717.0	60.0	epochs	1.0	0.04	45.0	0.1
19807.0	60.0	epochs	1.0	0.04	225.0	0.6
19898.0	60.0	epochs	1.0	0.04	90.0	0.1
19988.0	60.0	epochs	1.0	0.04	315.0	0.8
20079.0	60.0	epochs	1.0	0.04	90.0	0.8
20169.0	60.0	epochs	1.0	0.04	315.0	0.1
20260.0	60.0	epochs	1.0	0.04	225.0	0.05
20350.0	60.0	epochs	1.0	0.04	90.0	0.6
20441.0	60.0	epochs	1.0	0.04	225.0	0.8
20531.0	60.0	epochs	1.0	0.04	90.0	0.4
20622.0	60.0	epochs	1.0	0.04	0.0	0.05
20712.0	60.0	epochs	1.0	0.04	0.0	0.1
20803.0	60.0	epochs	1.0	0.04	225.0	0.8
20893.0	60.0	epochs	1.0	0.04	180.0	0.05
20984.0	60.0	epochs	1.0	0.04	0.0	0.05
21075.0	59.0	epochs	1.0	0.04	90.0	0.4
21165.0	60.0	epochs	1.0	0.04	270.0	0.05
21256.0	59.0	epochs	1.0	0.04	270.0	0.8
21346.0	60.0	epochs	1.0	0.04	45.0	0.4
21437.0	59.0	epochs	1.0	0.04	135.0	0.05
21527.0	60.0	epochs	1.0	0.04	270.0	0.6
21618.0	60.0	epochs	1.0	0.04	135.0	0.8
21708.0	60.0	epochs	1.0	0.04	90.0	0.6
21799.0	60.0	epochs	1.0	0.04	180.0	0.8
21889.0	60.0	epochs	1.0	0.04	45.0	0.6
21980.0	60.0	epochs	1.0	0.04	45.0	0.8
22070.0	60.0	epochs	1.0	0.04	270.0	0.2
22161.0	60.0	epochs	1.0	0.04	180.0	0.6
22251.0	60.0	epochs	1.0	0.04	180.0	0.1
22342.0	60.0	epochs	1.0	0.04	180.0	0.05
22432.0	60.0	epochs	1.0	0.04	90.0	0.4
22523.0	60.0	epochs	1.0	0.04	0.0	0.6
22613.0	60.0	epochs	1.0	0.04	45.0	0.6
22704.0	60.0	epochs	1.0	0.04	225.0	0.05
22794.0	60.0	epochs	1.0	0.04	225.0	0.1
22885.0	60.0	epochs	1.0	0.04	225.0	0.05
22976.0	59.0	epochs	1.0	0.04	0.0	0.8
23066.0	60.0	epochs	1.0	0.04	135.0	0.1
23157.0	59.0	epochs	1.0	0.04	315.0	0.05
23247.0	60.0	epochs	1.0	0.04	0.0	0.1
23338.0	59.0	epochs	1.0	0.04	135.0	0.6
23428.0	60.0	epochs	1.0	0.04	0.0	0.1
23519.0	59.0	epochs	1.0	0.04	270.0	0.1
23609.0	60.0	epochs	1.0	0.04	0.0	0.2
23700.0	60.0	epochs	1.0	0.04	45.0	0.4
23790.0	60.0	epochs	1.0	0.04	45.0	0.2
23881.0	60.0	epochs	1.0	0.04	90.0	0.05
23971.0	60.0	epochs	1.0	0.04	180.0	0.8
24062.0	60.0	epochs	1.0	0.04	135.0	0.4
24152.0	60.0	epochs	1.0	0.04	180.0	0.1
24243.0	60.0	epochs	1.0	0.04	135.0	0.6
24333.0	60.0	epochs	1.0	0.04	225.0	0.1
24424.0	60.0	epochs	1.0	0.04	0.0	0.2
24514.0	60.0	epochs	1.0	0.04	180.0	0.2
24605.0	60.0	epochs	1.0	0.04	315.0	0.6
24695.0	60.0	epochs	1.0	0.04	45.0	0.6
24786.0	60.0	epochs	1.0	0.04	270.0	0.05
24876.0	60.0	epochs	1.0	0.04	0.0	0.1
24967.0	60.0	epochs	1.0	0.04	315.0	0.05
25058.0	59.0	epochs	1.0	0.04	225.0	0.2
25148.0	60.0	epochs	1.0	0.04	315.0	0.05
25239.0	59.0	epochs	1.0	0.04	90.0	0.4
25329.0	60.0	epochs	1.0	0.04	180.0	0.05
25420.0	59.0	epochs	1.0	0.04	270.0	0.8
25510.0	60.0	epochs	1.0	0.04	135.0	0.8
25601.0	60.0	epochs	1.0	0.04	45.0	0.6
25691.0	60.0	epochs	1.0	0.04	0.0	0.05
25782.0	60.0	epochs	1.0	0.04	315.0	0.2
25872.0	60.0	epochs	1.0	0.04	180.0	0.4
25963.0	60.0	epochs	1.0	0.04	225.0	0.1
26053.0	60.0	epochs	1.0	0.04	270.0	0.05
26144.0	60.0	epochs	1.0	0.04	135.0	0.4
26234.0	60.0	epochs	1.0	0.04	90.0	0.2
26325.0	60.0	epochs	1.0	0.04	0.0	0.05
26415.0	60.0	epochs	1.0	0.04	225.0	0.8
26506.0	60.0	epochs	1.0	0.04	225.0	0.4
26596.0	60.0	epochs	1.0	0.04	225.0	0.4
26687.0	60.0	epochs	1.0	0.04	0.0	0.6
26777.0	60.0	epochs	1.0	0.04	45.0	0.8
26868.0	60.0	epochs	1.0	0.04	270.0	0.4
26959.0	59.0	epochs	1.0	0.04	135.0	0.1
27049.0	60.0	epochs	1.0	0.04	270.0	0.8
27140.0	59.0	epochs	1.0	0.04	225.0	0.4
27230.0	60.0	epochs	1.0	0.04	135.0	0.8
27321.0	59.0	epochs	1.0	0.04	135.0	0.4
27411.0	60.0	epochs	1.0	0.04	135.0	0.1
27502.0	59.0	epochs	1.0	0.04	180.0	0.2
27592.0	60.0	epochs	1.0	0.04	225.0	0.8
27683.0	60.0	epochs	1.0	0.04	225.0	0.4
27773.0	60.0	epochs	1.0	0.04	45.0	0.4
27864.0	60.0	epochs	1.0	0.04	270.0	0.6
27954.0	60.0	epochs	1.0	0.04	180.0	0.4
28045.0	60.0	epochs	1.0	0.04	90.0	0.05
28135.0	60.0	epochs	1.0	0.04	315.0	0.2
28226.0	60.0	epochs	1.0	0.04	270.0	0.4
28316.0	60.0	epochs	1.0	0.04	180.0	0.4
28407.0	60.0	epochs	1.0	0.04	315.0	0.8
28497.0	60.0	epochs	1.0	0.04	0.0	0.8
28588.0	60.0	epochs	1.0	0.04	225.0	0.1
28678.0	60.0	epochs	1.0	0.04	270.0	0.1
28769.0	60.0	epochs	1.0	0.04	315.0	0.4
28859.0	60.0	epochs	1.0	0.04	315.0	0.1
28950.0	60.0	epochs	1.0	0.04	135.0	0.2
29041.0	59.0	epochs	1.0	0.04	180.0	0.8
29131.0	60.0	epochs	1.0	0.04	90.0	0.05
29222.0	59.0	epochs	1.0	0.04	0.0	0.1
29312.0	60.0	epochs	1.0	0.04	135.0	0.6
29403.0	59.0	epochs	1.0	0.04	45.0	0.8
29493.0	60.0	epochs	1.0	0.04	315.0	0.1
29584.0	60.0	epochs	1.0	0.04	180.0	0.8
29674.0	60.0	epochs	1.0	0.04	45.0	0.05
29765.0	60.0	epochs	1.0	0.04	0.0	0.05
29855.0	60.0	epochs	1.0	0.04	315.0	0.6
29946.0	60.0	epochs	1.0	0.04	90.0	0.4
30036.0	60.0	epochs	1.0	0.04	45.0	0.4
30127.0	60.0	epochs				
30217.0	60.0	epochs	1.0	0.04	0.0	0.8
30308.0	60.0	epochs	1.0	0.04	225.0	0.1
30398.0	60.0	epochs	1.0	0.04	0.0	0.4
30489.0	60.0	epochs	1.0	0.04	135.0	0.2
30579.0	60.0	epochs	1.0	0.04	45.0	0.6
30670.0	60.0	epochs	1.0	0.04	45.0	0.2
30760.0	60.0	epochs	1.0	0.04	0.0	0.2
30851.0	60.0	epochs	1.0	0.04	0.0	0.1
30942.0	59.0	epochs	1.0	0.04	315.0	0.1
31032.0	60.0	epochs	1.0	0.04	180.0	0.4
31123.0	59.0	epochs	1.0	0.04	135.0	0.2
31213.0	60.0	epochs	1.0	0.04	90.0	0.2
31304.0	59.0	epochs	1.0	0.04	180.0	0.05
31394.0	60.0	epochs	1.0	0.04	90.0	0.05
31485.0	60.0	epochs	1.0	0.04	270.0	0.2
31575.0	60.0	epochs	1.0	0.04	0.0	0.2
31666.0	60.0	epochs	1.0	0.04	90.0	0.6
31756.0	60.0	epochs	1.0	0.04	270.0	0.6
31847.0	60.0	epochs	1.0	0.04	270.0	0.6
31937.0	60.0	epochs	1.0	0.04	315.0	0.05
32028.0	60.0	epochs	1.0	0.04	45.0	0.05
32118.0	60.0	epochs	1.0	0.04	135.0	0.1
32209.0	60.0	epochs	1.0	0.04	225.0	0.2
32299.0	60.0	epochs	1.0	0.04	180.0	0.8
32390.0	60.0	epochs	1.0	0.04	180.0	0.4
32480.0	60.0	epochs	1.0	0.04	225.0	0.6
32571.0	60.0	epochs	1.0	0.04	315.0	0.8
32661.0	60.0	epochs	1.0	0.04	225.0	0.2
32752.0	60.0	epochs	1.0	0.04	315.0	0.8
32843.0	59.0	epochs	1.0	0.04	135.0	0.05
32933.0	60.0	epochs	1.0	0.04	0.0	0.1
33024.0	59.0	epochs	1.0	0.04	90.0	0.4
33114.0	60.0	epochs	1.0	0.04	270.0	0.2
33205.0	59.0	epochs	1.0	0.04	90.0	0.4
33295.0	60.0	epochs	1.0	0.04	315.0	0.6
33386.0	59.0	epochs	1.0	0.04	0.0	0.8
33476.0	60.0	epochs	1.0	0.04	315.0	0.8
33567.0	60.0	epochs	1.0	0.04	180.0	0.2
33657.0	60.0	epochs	1.0	0.04	225.0	0.1
33748.0	60.0	epochs	1.0	0.04	0.0	0.05
33838.0	60.0	epochs	1.0	0.04	90.0	0.8
33929.0	60.0	epochs	1.0	0.04	270.0	0.8
34019.0	60.0	epochs	1.0	0.04	315.0	0.2
34110.0	60.0	epochs	1.0	0.04	315.0	0.2
34200.0	60.0	epochs	1.0	0.04	45.0	0.1
34291.0	60.0	epochs	1.0	0.04	315.0	0.8
34381.0	60.0	epochs	1.0	0.04	45.0	0.05
34472.0	60.0	epochs	1.0	0.04	180.0	0.1
34562.0	60.0	epochs	1.0	0.04	270.0	0.05
34653.0	60.0	epochs	1.0	0.04	45.0	0.8
34743.0	60.0	epochs	1.0	0.04	135.0	0.4
34834.0	60.0	epochs	1.0	0.04	225.0	0.05
34925.0	59.0	epochs	1.0	0.04	0.0	0.2
35015.0	60.0	epochs	1.0	0.04	225.0	0.4
35106.0	59.0	epochs	1.0	0.04	135.0	0.6
35196.0	60.0	epochs	1.0	0.04	315.0	0.05
35287.0	59.0	epochs	1.0	0.04	270.0	0.4
35377.0	60.0	epochs	1.0	0.04	90.0	0.8
35468.0	59.0	epochs	1.0	0.04	315.0	0.2
35558.0	60.0	epochs	1.0	0.04	90.0	0.8
35649.0	60.0	epochs	1.0	0.04	0.0	0.6
35739.0	60.0	epochs	1.0	0.04	180.0	0.1
35830.0	60.0	epochs	1.0	0.04	225.0	0.8
35920.0	60.0	epochs	1.0	0.04	135.0	0.6
36011.0	60.0	epochs	1.0	0.04	45.0	0.2
36101.0	60.0	epochs	1.0	0.04	90.0	0.4
36192.0	60.0	epochs	1.0	0.04	270.0	0.05
36282.0	60.0	epochs	1.0	0.04	45.0	0.2
36373.0	60.0	epochs				
36463.0	60.0	epochs	1.0	0.04	0.0	0.4
36554.0	60.0	epochs	1.0	0.04	270.0	0.4
36644.0	60.0	epochs	1.0	0.04	0.0	0.8
36735.0	60.0	epochs	1.0	0.04	270.0	0.2
36825.0	60.0	epochs	1.0	0.04	90.0	0.8
36916.0	60.0	epochs	1.0	0.04	135.0	0.6
37007.0	59.0	epochs	1.0	0.04	0.0	0.2
37097.0	60.0	epochs	1.0	0.04	0.0	0.2
37188.0	59.0	epochs	1.0	0.04	315.0	0.4
37278.0	60.0	epochs	1.0	0.04	180.0	0.05
37369.0	59.0	epochs	1.0	0.04	270.0	0.2
37459.0	60.0	epochs	1.0	0.04	225.0	0.6
37550.0	60.0	epochs	1.0	0.04	90.0	0.05
37640.0	60.0	epochs	1.0	0.04	0.0	0.05
37731.0	60.0	epochs	1.0	0.04	180.0	0.6
37821.0	60.0	epochs	1.0	0.04	90.0	0.6
37912.0	60.0	epochs	1.0	0.04	180.0	0.05
38002.0	60.0	epochs	1.0	0.04	180.0	0.8
38093.0	60.0	epochs	1.0	0.04	180.0	0.4
38183.0	60.0	epochs	1.0	0.04	225.0	0.6
38274.0	60.0	epochs	1.0	0.04	0.0	0.05
38364.0	60.0	epochs	1.0	0.04	315.0	0.2
38455.0	60.0	epochs	1.0	0.04	315.0	0.4
38545.0	60.0	epochs	1.0	0.04	180.0	0.4
38636.0	60.0	epochs	1.0	0.04	45.0	0.05
38726.0	60.0	epochs	1.0	0.04	0.0	0.2
38817.0	60.0	epochs	1.0	0.04	135.0	0.4
38908.0	59.0	epochs	1.0	0.04	0.0	0.6
38998.0	60.0	epochs	1.0	0.04	225.0	0.8
39089.0	59.0	epochs	1.0	0.04	135.0	0.8
39179.0	60.0	epochs	1.0	0.04	135.0	0.1
39270.0	59.0	epochs	1.0	0.04	180.0	0.4
39360.0	60.0	epochs	1.0	0.04	0.0	0.4
39451.0	59.0	epochs	1.0	0.04	45.0	0.05
39541.0	60.0	epochs	1.0	0.04	180.0	0.8
39632.0	60.0	epochs	1.0	0.04	0.0	0.05
39722.0	60.0	epochs	1.0	0.04	315.0	0.1
39813.0	60.0	epochs	1.0	0.04	45.0	0.05
39903.0	60.0	epochs	1.0	0.04	180.0	0.2
39994.0	60.0	epochs	1.0	0.04	135.0	0.8
40084.0	60.0	epochs	1.0	0.04	180.0	0.2
40175.0	60.0	epochs	1.0	0.04	270.0	0.2
40265.0	60.0	epochs				
40356.0	60.0	epochs	1.0	0.04	90.0	0.6
40446.0	60.0	epochs	1.0	0.04	315.0	0.8
40537.0	60.0	epochs	1.0	0.04	0.0	0.8
40627.0	60.0	epochs	1.0	0.04	90.0	0.6
40718.0	60.0	epochs	1.0	0.04	180.0	0.2
40808.0	60.0	epochs	1.0	0.04	90.0	0.05
40899.0	60.0	epochs	1.0	0.04	270.0	0.4
40990.0	59.0	epochs	1.0	0.04	315.0	0.2
41080.0	60.0	epochs	1.0	0.04	90.0	0.8
41171.0	59.0	epochs	1.0	0.04	315.0	0.1
41261.0	60.0	epochs	1.0	0.04	225.0	0.4
41352.0	59.0	epochs	1.0	0.04	0.0	0.8
41442.0	60.0	epochs	1.0	0.04	180.0	0.4
41533.0	60.0	epochs	1.0	0.04	315.0	0.4
41623.0	60.0	epochs	1.0	0.04	225.0	0.2
41714.0	60.0	epochs	1.0	0.04	180.0	0.05
41804.0	60.0	epochs	1.0	0.04	315.0	0.4
41895.0	60.0	epochs	1.0	0.04	270.0	0.6
41985.0	60.0	epochs	1.0	0.04	225.0	0.6
42076.0	60.0	epochs	1.0	0.04	180.0	0.6
42166.0	60.0	epochs	1.0	0.04	270.0	0.05
42257.0	60.0	epochs	1.0	0.04	225.0	0.1
42347.0	60.0	epochs	1.0	0.04	135.0	0.05
42438.0	60.0	epochs	1.0	0.04	90.0	0.6
42528.0	60.0	epochs	1.0	0.04	225.0	0.8
42619.0	60.0	epochs	1.0	0.04	135.0	0.05
42709.0	60.0	epochs	1.0	0.04	135.0	0.1
42800.0	60.0	epochs	1.0	0.04	90.0	0.8
42890.0	60.0	epochs	1.0	0.04	225.0	0.6
42981.0	60.0	epochs	1.0	0.04	0.0	0.2
43072.0	59.0	epochs	1.0	0.04	0.0	0.05
43162.0	60.0	epochs	1.0	0.04	45.0	0.6
43253.0	59.0	epochs	1.0	0.04	90.0	0.6
43343.0	60.0	epochs				
43434.0	59.0	epochs	1.0	0.04	0.0	0.4
43524.0	60.0	epochs	1.0	0.04	135.0	0.2
43615.0	60.0	epochs	1.0	0.04	270.0	0.8
43705.0	60.0	epochs	1.0	0.04	0.0	0.6
43796.0	60.0	epochs	1.0	0.04	315.0	0.2
43886.0	60.0	epochs	1.0	0.04	135.0	0.4
43977.0	60.0	epochs	1.0	0.04	270.0	0.8
44067.0	60.0	epochs	1.0	0.04	135.0	0.4
44158.0	60.0	epochs	1.0	0.04	90.0	0.1
44248.0	60.0	epochs				
44339.0	60.0	epochs	1.0	0.04	90.0	0.1
44429.0	60.0	epochs	1.0	0.04	0.0	0.05
44520.0	60.0	epochs	1.0	0.04	180.0	0.8
44610.0	60.0	epochs	1.0	0.04	90.0	0.2
44701.0	60.0	epochs	1.0	0.04	270.0	0.2
44791.0	60.0	epochs	1.0	0.04	45.0	0.4
44882.0	60.0	epochs	1.0	0.04	315.0	0.8
44973.0	59.0	epochs	1.0	0.04	135.0	0.6
45063.0	60.0	epochs	1.0	0.04	90.0	0.05
45154.0	59.0	epochs	1.0	0.04	90.0	0.8
45244.0	60.0	epochs	1.0	0.04	225.0	0.05
45335.0	59.0	epochs	1.0	0.04	225.0	0.6
45425.0	60.0	epochs	1.0	0.04	270.0	0.6
45516.0	59.0	epochs	1.0	0.04	45.0	0.05
45606.0	60.0	epochs	1.0	0.04	315.0	0.6
45697.0	60.0	epochs	1.0	0.04	135.0	0.2
45787.0	60.0	epochs	1.0	0.04	270.0	0.8
45878.0	60.0	epochs	1.0	0.04	90.0	0.4
45968.0	60.0	epochs	1.0	0.04	315.0	0.05
46059.0	60.0	epochs	1.0	0.04	180.0	0.1
46149.0	60.0	epochs	1.0	0.04	180.0	0.8
46240.0	60.0	epochs	1.0	0.04	45.0	0.1
46330.0	60.0	epochs	1.0	0.04	180.0	0.4
46421.0	60.0	epochs	1.0	0.04	180.0	0.2
46511.0	60.0	epochs	1.0	0.04	315.0	0.1
46602.0	60.0	epochs	1.0	0.04	180.0	0.4
46692.0	60.0	epochs	1.0	0.04	135.0	0.05
46783.0	60.0	epochs	1.0	0.04	225.0	0.2
46873.0	60.0	epochs	1.0	0.04	180.0	0.05
46964.0	60.0	epochs	1.0	0.04	315.0	0.2
47055.0	59.0	epochs	1.0	0.04	180.0	0.05
47145.0	60.0	epochs	1.0	0.04	315.0	0.8
47236.0	59.0	epochs	1.0	0.04	45.0	0.1
47326.0	60.0	epochs	1.0	0.04	90.0	0.2
47417.0	59.0	epochs	1.0	0.04	225.0	0.2
47507.0	60.0	epochs	1.0	0.04	270.0	0.6
47598.0	59.0	epochs	1.0	0.04	315.0	0.6
47688.0	60.0	epochs	1.0	0.04	0.0	0.6
47779.0	60.0	epochs	1.0	0.04	0.0	0.05
47869.0	60.0	epochs	1.0	0.04	90.0	0.1
47960.0	60.0	epochs	1.0	0.04	0.0	0.2
48050.0	60.0	epochs	1.0	0.04	225.0	0.8
48141.0	60.0	epochs	1.0	0.04	135.0	0.6
48231.0	60.0	epochs	1.0	0.04	180.0	0.6
48322.0	60.0	epochs	1.0	0.04	180.0	0.6
48412.0	60.0	epochs	1.0	0.04	180.0	0.05
48503.0	60.0	epochs	1.0	0.04	45.0	0.1
48593.0	60.0	epochs	1.0	0.04	0.0	0.2
48684.0	60.0	epochs	1.0	0.04	45.0	0.1
48774.0	60.0	epochs	1.0	0.04	180.0	0.6
48865.0	60.0	epochs	1.0	0.04	90.0	0.6
48955.0	60.0	epochs	1.0	0.04	135.0	0.8
49046.0	60.0	epochs	1.0	0.04	90.0	0.4
49137.0	59.0	epochs	1.0	0.04	0.0	0.4
49227.0	60.0	epochs	1.0	0.04	315.0	0.6
49318.0	59.0	epochs	1.0	0.04	0.0	0.1
49408.0	60.0	epochs	1.0	0.04	315.0	0.1
49499.0	59.0	epochs	1.0	0.04	135.0	0.8
49589.0	60.0	epochs	1.0	0.04	45.0	0.1
49680.0	59.0	epochs	1.0	0.04	90.0	0.6
49770.0	60.0	epochs	1.0	0.04	45.0	0.1
49861.0	60.0	epochs	1.0	0.04	90.0	0.05
49951.0	60.0	epochs	1.0	0.04	135.0	0.2
50042.0	60.0	epochs	1.0	0.04	315.0	0.05
50132.0	60.0	epochs	1.0	0.04	135.0	0.4
50223.0	60.0	epochs	1.0	0.04	90.0	0.1
50313.0	60.0	epochs	1.0	0.04	45.0	0.8
50404.0	60.0	epochs	1.0	0.04	90.0	0.6
50494.0	60.0	epochs	1.0	0.04	270.0	0.2
50585.0	60.0	epochs	1.0	0.04	45.0	0.6
50675.0	60.0	epochs	1.0	0.04	225.0	0.1
50766.0	60.0	epochs	1.0	0.04	270.0	0.2
50856.0	60.0	epochs	1.0	0.04	270.0	0.1
50947.0	60.0	epochs	1.0	0.04	0.0	0.05
51037.0	60.0	epochs	1.0	0.04	270.0	0.8
51128.0	60.0	epochs	1.0	0.04	270.0	0.05
51219.0	59.0	epochs	1.0	0.04	135.0	0.2
51309.0	60.0	epochs	1.0	0.04	180.0	0.1
51400.0	59.0	epochs	1.0	0.04	90.0	0.2
51490.0	60.0	epochs	1.0	0.04	90.0	0.8
51581.0	59.0	epochs	1.0	0.04	270.0	0.1
51671.0	60.0	epochs	1.0	0.04	90.0	0.05
51762.0	59.0	epochs	1.0	0.04	270.0	0.8
51852.0	60.0	epochs	1.0	0.04	180.0	0.1
51943.0	60.0	epochs	1.0	0.04	45.0	0.05
52033.0	60.0	epochs	1.0	0.04	315.0	0.8
52124.0	60.0	epochs	1.0	0.04	0.0	0.6
52214.0	60.0	epochs	1.0	0.04	180.0	0.1
52305.0	60.0	epochs	1.0	0.04	135.0	0.8
52395.0	60.0	epochs				
52486.0	60.0	epochs	1.0	0.04	90.0	0.8
52576.0	60.0	epochs	1.0	0.04	135.0	0.1
52667.0	60.0	epochs	1.0	0.04	0.0	0.05
52757.0	60.0	epochs	1.0	0.04	315.0	0.05
52848.0	60.0	epochs	1.0	0.04	135.0	0.2
52938.0	60.0	epochs	1.0	0.04	270.0	0.4
53029.0	60.0	epochs				
53119.0	60.0	epochs	1.0	0.04	45.0	0.1
53210.0	60.0	epochs	1.0	0.04	270.0	0.6
53301.0	59.0	epochs	1.0	0.04	45.0	0.4
53391.0	60.0	epochs	1.0	0.04	135.0	0.6
53482.0	59.0	epochs	1.0	0.04	270.0	0.4
53572.0	60.0	epochs	1.0	0.04	225.0	0.6
53663.0	59.0	epochs	1.0	0.04	0.0	0.8
53753.0	60.0	epochs	1.0	0.04	135.0	0.1
53844.0	59.0	epochs	1.0	0.04	90.0	0.1
53934.0	60.0	epochs	1.0	0.04	135.0	0.2
54025.0	60.0	epochs	1.0	0.04	270.0	0.1
54115.0	60.0	epochs	1.0	0.04	180.0	0.8
54206.0	60.0	epochs	1.0	0.04	225.0	0.8
54296.0	60.0	epochs	1.0	0.04	180.0	0.1
54387.0	60.0	epochs	1.0	0.04	90.0	0.6
54477.0	60.0	epochs	1.0	0.04	45.0	0.2
54568.0	60.0	epochs	1.0	0.04	0.0	0.8
54658.0	60.0	epochs	1.0	0.04	225.0	0.2
54749.0	60.0	epochs	1.0	0.04	315.0	0.1
54839.0	60.0	epochs	1.0	0.04	270.0	0.4
54930.0	60.0	epochs	1.0	0.04	315.0	0.05
55020.0	60.0	epochs	1.0	0.04	135.0	0.2
55111.0	60.0	epochs	1.0	0.04	225.0	0.6
55201.0	60.0	epochs	1.0	0.04	315.0	0.1
55292.0	60.0	epochs	1.0	0.04	315.0	0.4
55383.0	59.0	epochs	1.0	0.04	315.0	0.1
55473.0	60.0	epochs	1.0	0.04	315.0	0.4
55564.0	59.0	epochs	1.0	0.04	135.0	0.6
55654.0	60.0	epochs	1.0	0.04	315.0	0.6
55745.0	59.0	epochs	1.0	0.04	0.0	0.8
55835.0	60.0	epochs	1.0	0.04	135.0	0.1
55926.0	59.0	epochs	1.0	0.04	45.0	0.2
56016.0	60.0	epochs	1.0	0.04	315.0	0.8
56107.0	60.0	epochs	1.0	0.04	270.0	0.8
56197.0	60.0	epochs				
56288.0	60.0	epochs	1.0	0.04	45.0	0.6
56378.0	60.0	epochs				
56469.0	60.0	epochs	1.0	0.04	45.0	0.4
56559.0	60.0	epochs	1.0	0.04	315.0	0.6
56650.0	60.0	epochs	1.0	0.04	270.0	0.2
56740.0	60.0	epochs	1.0	0.04	45.0	0.4
56831.0	60.0	epochs	1.0	0.04	135.0	0.05
56921.0	60.0	epochs	1.0	0.04	315.0	0.1
57012.0	60.0	epochs	1.0	0.04	0.0	0.2
57102.0	60.0	epochs	1.0	0.04	135.0	0.6
57193.0	60.0	epochs	1.0	0.04	0.0	0.4
57283.0	60.0	epochs	1.0	0.04	135.0	0.1
57374.0	60.0	epochs	1.0	0.04	225.0	0.2
57465.0	59.0	epochs	1.0	0.04	225.0	0.8
57555.0	60.0	epochs	1.0	0.04	135.0	0.6
57646.0	59.0	epochs	1.0	0.04	90.0	0.4
57736.0	60.0	epochs	1.0	0.04	225.0	0.05
57827.0	59.0	epochs	1.0	0.04	90.0	0.8
57917.0	60.0	epochs	1.0	0.04	180.0	0.1
58008.0	59.0	epochs	1.0	0.04	0.0	0.2
58098.0	60.0	epochs	1.0	0.04	45.0	0.6
58189.0	60.0	epochs	1.0	0.04	270.0	0.4
58279.0	60.0	epochs	1.0	0.04	180.0	0.2
58370.0	60.0	epochs	1.0	0.04	270.0	0.05
58460.0	60.0	epochs	1.0	0.04	180.0	0.05
58551.0	60.0	epochs	1.0	0.04	270.0	0.8
58641.0	60.0	epochs	1.0	0.04	135.0	0.8
58732.0	60.0	epochs	1.0	0.04	135.0	0.05
58822.0	60.0	epochs	1.0	0.04	315.0	0.6
58913.0	60.0	epochs	1.0	0.04	90.0	0.05
59003.0	60.0	epochs	1.0	0.04	270.0	0.4
59094.0	60.0	epochs	1.0	0.04	180.0	0.6
59184.0	60.0	epochs	1.0	0.04	270.0	0.4
59275.0	60.0	epochs	1.0	0.04	135.0	0.6
59365.0	60.0	epochs	1.0	0.04	45.0	0.05
59456.0	60.0	epochs	1.0	0.04	45.0	0.6
59547.0	59.0	epochs	1.0	0.04	135.0	0.1
59637.0	60.0	epochs	1.0	0.04	270.0	0.05
59728.0	59.0	epochs	1.0	0.04	270.0	0.2
59818.0	60.0	epochs	1.0	0.04	315.0	0.05
59909.0	59.0	epochs	1.0	0.04	180.0	0.2
59999.0	60.0	epochs	1.0	0.04	180.0	0.4
60090.0	59.0	epochs	1.0	0.04	90.0	0.2
60180.0	60.0	epochs	1.0	0.04	270.0	0.4
60271.0	60.0	epochs	1.0	0.04	270.0	0.8
60361.0	60.0	epochs	1.0	0.04	45.0	0.6
60452.0	60.0	epochs	1.0	0.04	225.0	0.6
60542.0	60.0	epochs	1.0	0.04	180.0	0.4
60633.0	60.0	epochs	1.0	0.04	180.0	0.1
60723.0	60.0	epochs	1.0	0.04	315.0	0.2
60814.0	60.0	epochs	1.0	0.04	45.0	0.8
60904.0	60.0	epochs	1.0	0.04	270.0	0.05
60995.0	60.0	epochs	1.0	0.04	0.0	0.4
61085.0	60.0	epochs	1.0	0.04	90.0	0.2
61176.0	60.0	epochs	1.0	0.04	0.0	0.05
61266.0	60.0	epochs	1.0	0.04	315.0	0.6
61357.0	60.0	epochs	1.0	0.04	0.0	0.4
61447.0	60.0	epochs	1.0	0.04	225.0	0.8
61538.0	60.0	epochs	1.0	0.04	180.0	0.2
61629.0	59.0	epochs	1.0	0.04	45.0	0.6
61719.0	60.0	epochs	1.0	0.04	90.0	0.1
61810.0	59.0	epochs	1.0	0.04	45.0	0.4
61900.0	60.0	epochs	1.0	0.04	135.0	0.4
61991.0	59.0	epochs	1.0	0.04	315.0	0.1
62081.0	60.0	epochs	1.0	0.04	270.0	0.8
62172.0	59.0	epochs	1.0	0.04	45.0	0.2
62262.0	60.0	epochs	1.0	0.04	0.0	0.6
62353.0	60.0	epochs	1.0	0.04	225.0	0.2
62443.0	60.0	epochs	1.0	0.04	180.0	0.6
62534.0	60.0	epochs	1.0	0.04	180.0	0.6
62624.0	60.0	epochs	1.0	0.04	315.0	0.1
62715.0	60.0	epochs	1.0	0.04	180.0	0.6
62805.0	60.0	epochs	1.0	0.04	225.0	0.2
62896.0	60.0	epochs	1.0	0.04	45.0	0.2
62986.0	60.0	epochs	1.0	0.04	225.0	0.05
63077.0	60.0	epochs	1.0	0.04	180.0	0.4
63167.0	60.0	epochs	1.0	0.04	225.0	0.2
63258.0	60.0	epochs	1.0	0.04	225.0	0.2
63348.0	60.0	epochs	1.0	0.04	135.0	0.2
63439.0	60.0	epochs	1.0	0.04	225.0	0.8
63529.0	60.0	epochs	1.0	0.04	270.0	0.8
63620.0	60.0	epochs	1.0	0.04	225.0	0.2
63710.0	60.0	epochs	1.0	0.04	0.0	0.6
63801.0	60.0	epochs	1.0	0.04	270.0	0.05
63892.0	59.0	epochs	1.0	0.04	225.0	0.4
63982.0	60.0	epochs	1.0	0.04	90.0	0.05
64073.0	59.0	epochs	1.0	0.04	135.0	0.4
64163.0	60.0	epochs	1.0	0.04	180.0	0.4
64254.0	59.0	epochs	1.0	0.04	90.0	0.2
64344.0	60.0	epochs	1.0	0.04	135.0	0.6
64435.0	60.0	epochs	1.0	0.04	225.0	0.8
64525.0	60.0	epochs	1.0	0.04	45.0	0.2
64616.0	60.0	epochs	1.0	0.04	315.0	0.8
64706.0	60.0	epochs	1.0	0.04	90.0	0.6
64797.0	60.0	epochs	1.0	0.04	180.0	0.2
64887.0	60.0	epochs	1.0	0.04	45.0	0.8
64978.0	60.0	epochs	1.0	0.04	0.0	0.6
65068.0	60.0	epochs	1.0	0.04	0.0	0.4
65159.0	60.0	epochs	1.0	0.04	0.0	0.6
65249.0	60.0	epochs	1.0	0.04	270.0	0.1
65340.0	60.0	epochs	1.0	0.04	45.0	0.8
65430.0	60.0	epochs	1.0	0.04	90.0	0.8
65521.0	60.0	epochs	1.0	0.04	315.0	0.6
65611.0	60.0	epochs	1.0	0.04	135.0	0.2
65702.0	60.0	epochs	1.0	0.04	315.0	0.6
65792.0	60.0	epochs	1.0	0.04	0.0	0.8
65883.0	60.0	epochs	1.0	0.04	90.0	0.05
65974.0	59.0	epochs	1.0	0.04	90.0	0.4
66064.0	60.0	epochs	1.0	0.04	90.0	0.6
66155.0	59.0	epochs				
66245.0	60.0	epochs	1.0	0.04	180.0	0.8
66336.0	59.0	epochs	1.0	0.04	225.0	0.1
66426.0	60.0	epochs	1.0	0.04	270.0	0.1
66517.0	59.0	epochs	1.0	0.04	135.0	0.1
66607.0	60.0	epochs	1.0	0.04	135.0	0.4
66698.0	60.0	epochs	1.0	0.04	0.0	0.6
66788.0	60.0	epochs	1.0	0.04	45.0	0.1
66879.0	60.0	epochs	1.0	0.04	135.0	0.05
66969.0	60.0	epochs	1.0	0.04	45.0	0.05
67060.0	60.0	epochs	1.0	0.04	135.0	0.4
67150.0	60.0	epochs	1.0	0.04	90.0	0.6
67241.0	60.0	epochs	1.0	0.04	315.0	0.2
67331.0	60.0	epochs	1.0	0.04	135.0	0.4
67422.0	60.0	epochs	1.0	0.04	315.0	0.8
67512.0	60.0	epochs				
67603.0	60.0	epochs	1.0	0.04	135.0	0.1
67693.0	60.0	epochs	1.0	0.04	315.0	0.05
67784.0	60.0	epochs	1.0	0.04	315.0	0.6
67874.0	60.0	epochs	1.0	0.04	180.0	0.05
67965.0	60.0	epochs	1.0	0.04	225.0	0.1
68056.0	59.0	epochs	1.0	0.04	135.0	0.05
68146.0	60.0	epochs	1.0	0.04	225.0	0.4
68237.0	59.0	epochs	1.0	0.04	45.0	0.6
68327.0	60.0	epochs	1.0	0.04	270.0	0.05
68418.0	59.0	epochs	1.0	0.04	45.0	0.05
68508.0	60.0	epochs	1.0	0.04	90.0	0.05
68599.0	59.0	epochs	1.0	0.04	180.0	0.1
68689.0	60.0	epochs	1.0	0.04	135.0	0.8
68780.0	60.0	epochs	1.0	0.04	315.0	0.4
68870.0	60.0	epochs	1.0	0.04	0.0	0.6
68961.0	60.0	epochs	1.0	0.04	180.0	0.1
69051.0	60.0	epochs	1.0	0.04	315.0	0.8
69142.0	60.0	epochs	1.0	0.04	90.0	0.8
69232.0	60.0	epochs	1.0	0.04	135.0	0.8
69323.0	60.0	epochs	1.0	0.04	225.0	0.4
69413.0	60.0	epochs	1.0	0.04	270.0	0.6
69504.0	60.0	epochs	1.0	0.04	135.0	0.05
69594.0	60.0	epochs	1.0	0.04	0.0	0.05
69685.0	60.0	epochs	1.0	0.04	45.0	0.2
69775.0	60.0	epochs	1.0	0.04	45.0	0.2
69866.0	60.0	epochs	1.0	0.04	180.0	0.6
69956.0	60.0	epochs	1.0	0.04	180.0	0.8
70047.0	60.0	epochs	1.0	0.04	270.0	0.2
70137.0	60.0	epochs	1.0	0.04	225.0	0.6
70228.0	60.0	epochs	1.0	0.04	315.0	0.1
70319.0	59.0	epochs	1.0	0.04	180.0	0.8
70409.0	60.0	epochs	1.0	0.04	315.0	0.1
70500.0	59.0	epochs	1.0	0.04	0.0	0.05
70590.0	60.0	epochs	1.0	0.04	45.0	0.8
70681.0	59.0	epochs	1.0	0.04	45.0	0.05
70771.0	60.0	epochs	1.0	0.04	135.0	0.6
70862.0	60.0	epochs	1.0	0.04	180.0	0.4
70952.0	60.0	epochs	1.0	0.04	90.0	0.1
71043.0	60.0	epochs	1.0	0.04	180.0	0.2
71133.0	60.0	epochs	1.0	0.04	225.0	0.05
71224.0	60.0	epochs	1.0	0.04	45.0	0.1
71314.0	60.0	epochs	1.0	0.04	180.0	0.4
71405.0	60.0	epochs	1.0	0.04	90.0	0.6
71495.0	60.0	epochs	1.0	0.04	180.0	0.6
71586.0	60.0	epochs	1.0	0.04	45.0	0.2
71676.0	60.0	epochs	1.0	0.04	90.0	0.05
71767.0	60.0	epochs	1.0	0.04	45.0	0.05
71857.0	60.0	epochs	1.0	0.04	225.0	0.1
71948.0	60.0	epochs	1.0	0.04	315.0	0.2
72038.0	60.0	epochs	1.0	0.04	90.0	0.2
72129.0	60.0	epochs	1.0	0.04	90.0	0.8
72219.0	60.0	epochs	1.0	0.04	135.0	0.8
72310.0	60.0	epochs	1.0	0.04	315.0	0.2
72401.0	59.0	epochs	1.0	0.04	45.0	0.2
72491.0	60.0	epochs	1.0	0.04	225.0	0.6
72582.0	59.0	epochs	1.0	0.04	0.0	0.4
72672.0	60.0	epochs	1.0	0.04	90.0	0.1
72763.0	59.0	epochs	1.0	0.04	90.0	0.8
72853.0	60.0	epochs	1.0	0.04	225.0	0.6
72944.0	59.0	epochs	1.0	0.04	270.0	0.4
73034.0	60.0	epochs	1.0	0.04	315.0	0.4
73125.0	60.0	epochs	1.0	0.04	0.0	0.8
73215.0	60.0	epochs	1.0	0.04	315.0	0.05
73306.0	60.0	epochs	1.0	0.04	315.0	0.2
73396.0	60.0	epochs	1.0	0.04	225.0	0.1
73487.0	60.0	epochs	1.0	0.04	90.0	0.05
73577.0	60.0	epochs	1.0	0.04	135.0	0.1
73668.0	60.0	epochs	1.0	0.04	0.0	0.8
73758.0	60.0	epochs				
73849.0	60.0	epochs	1.0	0.04	135.0	0.4
73939.0	60.0	epochs	1.0	0.04	225.0	0.2
74030.0	60.0	epochs	1.0	0.04	270.0	0.1
74120.0	60.0	epochs	1.0	0.04	225.0	0.6
74211.0	60.0	epochs	1.0	0.04	270.0	0.4
74301.0	60.0	epochs	1.0	0.04	315.0	0.05
74392.0	60.0	epochs	1.0	0.04	0.0	0.1
74482.0	60.0	epochs	1.0	0.04	270.0	0.4
74573.0	60.0	epochs	1.0	0.04	315.0	0.6
74664.0	59.0	epochs	1.0	0.04	0.0	0.4
74754.0	60.0	epochs	1.0	0.04	270.0	0.8
74845.0	59.0	epochs	1.0	0.04	225.0	0.4
74935.0	60.0	epochs	1.0	0.04	45.0	0.6
75026.0	59.0	epochs	1.0	0.04	180.0	0.2
75116.0	60.0	epochs	1.0	0.04	270.0	0.05
75207.0	60.0	epochs	1.0	0.04	0.0	0.8
75297.0	60.0	epochs	1.0	0.04	135.0	0.6
75388.0	60.0	epochs	1.0	0.04	90.0	0.05
75478.0	60.0	epochs	1.0	0.04	0.0	0.6
75569.0	60.0	epochs	1.0	0.04	270.0	0.05
75659.0	60.0	epochs	1.0	0.04	180.0	0.05
75750.0	60.0	epochs	1.0	0.04	225.0	0.8
75840.0	60.0	epochs	1.0	0.04	45.0	0.6
75931.0	60.0	epochs	1.0	0.04	0.0	0.05
76021.0	60.0	epochs	1.0	0.04	270.0	0.6
76112.0	60.0	epochs	1.0	0.04	45.0	0.05
76202.0	60.0	epochs	1.0	0.04	0.0	0.8
76293.0	60.0	epochs	1.0	0.04	225.0	0.4
76383.0	60.0	epochs	1.0	0.04	90.0	0.8
76474.0	60.0	epochs	1.0	0.04	135.0	0.1
76564.0	60.0	epochs	1.0	0.04	0.0	0.6
76655.0	60.0	epochs	1.0	0.04	270.0	0.6
76746.0	59.0	epochs	1.0	0.04	45.0	0.8
76836.0	60.0	epochs	1.0	0.04	270.0	0.1
76927.0	59.0	epochs	1.0	0.04	225.0	0.6
77017.0	60.0	epochs	1.0	0.04	45.0	0.05
77108.0	59.0	epochs	1.0	0.04	180.0	0.05
77198.0	60.0	epochs	1.0	0.04	180.0	0.8
77289.0	59.0	epochs	1.0	0.04	90.0	0.05
77379.0	60.0	epochs	1.0	0.04	180.0	0.1
77470.0	60.0	epochs	1.0	0.04	45.0	0.2
77560.0	60.0	epochs	1.0	0.04	90.0	0.8
77651.0	60.0	epochs	1.0	0.04	90.0	0.05
77741.0	60.0	epochs	1.0	0.04	90.0	0.4
77832.0	60.0	epochs	1.0	0.04	45.0	0.6
77922.0	60.0	epochs	1.0	0.04	0.0	0.4
78013.0	60.0	epochs	1.0	0.04	45.0	0.4
78103.0	60.0	epochs	1.0	0.04	225.0	0.4
78194.0	60.0	epochs	1.0	0.04	225.0	0.05
78284.0	60.0	epochs	1.0	0.04	225.0	0.6
78375.0	60.0	epochs				
78465.0	60.0	epochs	1.0	0.04	0.0	0.6
78556.0	60.0	epochs	1.0	0.04	45.0	0.8
78646.0	60.0	epochs	1.0	0.04	0.0	0.2
78737.0	60.0	epochs	1.0	0.04	180.0	0.05
78827.0	60.0	epochs	1.0	0.04	225.0	0.4
78918.0	60.0	epochs	1.0	0.04	45.0	0.1
79009.0	59.0	epochs	1.0	0.04	225.0	0.05
79099.0	60.0	epochs	1.0	0.04	270.0	0.1
79190.0	59.0	epochs	1.0	0.04	180.0	0.6
79280.0	60.0	epochs	1.0	0.04	45.0	0.1
79371.0	59.0	epochs	1.0	0.04	0.0	0.05
79461.0	60.0	epochs	1.0	0.04	90.0	0.6
79552.0	59.0	epochs	1.0	0.04	180.0	0.4
79642.0	60.0	epochs	1.0	0.04	315.0	0.6
79733.0	60.0	epochs	1.0	0.04	90.0	0.05
79823.0	60.0	epochs	1.0	0.04	0.0	0.2
79914.0	60.0	epochs	1.0	0.04	90.0	0.2
80004.0	60.0	epochs	1.0	0.04	180.0	0.6
80095.0	60.0	epochs	1.0	0.04	0.0	0.4
80185.0	60.0	epochs	1.0	0.04	90.0	0.1
80276.0	60.0	epochs	1.0	0.04	135.0	0.2
80366.0	60.0	epochs	1.0	0.04	45.0	0.4
80457.0	60.0	epochs	1.0	0.04	315.0	0.4
80547.0	60.0	epochs	1.0	0.04	270.0	0.2
80638.0	60.0	epochs	1.0	0.04	45.0	0.4
80728.0	60.0	epochs	1.0	0.04	135.0	0.8
80819.0	60.0	epochs	1.0	0.04	180.0	0.8
80909.0	60.0	epochs	1.0	0.04	90.0	0.6
81000.0	60.0	epochs	1.0	0.04	270.0	0.8
81090.0	60.0	epochs	1.0	0.04	270.0	0.8
81181.0	60.0	epochs				
81272.0	59.0	epochs	1.0	0.04	135.0	0.4
81362.0	60.0	epochs	1.0	0.04	45.0	0.8
81453.0	59.0	epochs	1.0	0.04	270.0	0.1
81543.0	60.0	epochs	1.0	0.04	45.0	0.4
81634.0	59.0	epochs	1.0	0.04	0.0	0.2
81724.0	60.0	epochs				
81815.0	60.0	epochs	1.0	0.04	135.0	0.2
81905.0	60.0	epochs	1.0	0.04	225.0	0.1
81996.0	60.0	epochs	1.0	0.04	0.0	0.8
82086.0	60.0	epochs	1.0	0.04	45.0	0.05
82177.0	60.0	epochs	1.0	0.04	135.0	0.4
82267.0	60.0	epochs	1.0	0.04	45.0	0.4
82358.0	60.0	epochs	1.0	0.04	225.0	0.05
82448.0	60.0	epochs	1.0	0.04	225.0	0.4
82539.0	60.0	epochs	1.0	0.04	90.0	0.2
82629.0	60.0	epochs	1.0	0.04	135.0	0.1
82720.0	60.0	epochs	1.0	0.04	225.0	0.6
82810.0	60.0	epochs	1.0	0.04	180.0	0.1
82901.0	60.0	epochs	1.0	0.04	90.0	0.05
82991.0	60.0	epochs	1.0	0.04	135.0	0.1
83082.0	60.0	epochs	1.0	0.04	180.0	0.6
83172.0	60.0	epochs	1.0	0.04	180.0	0.6
83263.0	60.0	epochs	1.0	0.04	315.0	0.4
83354.0	59.0	epochs	1.0	0.04	135.0	0.8
83444.0	60.0	epochs	1.0	0.04	270.0	0.4
83535.0	59.0	epochs	1.0	0.04	180.0	0.4
83625.0	60.0	epochs	1.0	0.04	180.0	0.1
83716.0	59.0	epochs				
83806.0	60.0	epochs	1.0	0.04	90.0	0.4
83897.0	59.0	epochs	1.0	0.04	135.0	0.2
83987.0	60.0	epochs	1.0	0.04	45.0	0.4
84078.0	60.0	epochs	1.0	0.04	0.0	0.1
84168.0	60.0	epochs	1.0	0.04	270.0	0.05
84259.0	60.0	epochs	1.0	0.04	135.0	0.05
84349.0	60.0	epochs	1.0	0.04	315.0	0.2
84440.0	60.0	epochs	1.0	0.04	270.0	0.05
84530.0	60.0	epochs	1.0	0.04	270.0	0.8
84621.0	60.0	epochs	1.0	0.04	90.0	0.2
84711.0	60.0	epochs	1.0	0.04	225.0	0.6
84802.0	60.0	epochs	1.0	0.04	270.0	0.2
84892.0	60.0	epochs	1.0	0.04	270.0	0.6
84983.0	60.0	epochs	1.0	0.04	135.0	0.6
85073.0	60.0	epochs	1.0	0.04	90.0	0.2
85164.0	60.0	epochs	1.0	0.04	45.0	0.1
85254.0	60.0	epochs	1.0	0.04	90.0	0.2
85345.0	60.0	epochs	1.0	0.04	90.0	0.8
85435.0	60.0	epochs	1.0	0.04	315.0	0.4
85526.0	60.0	epochs	1.0	0.04	270.0	0.1
85617.0	59.0	epochs	1.0	0.04	0.0	0.1
85707.0	60.0	epochs	1.0	0.04	270.0	0.2
85798.0	59.0	epochs	1.0	0.04	90.0	0.6
85888.0	60.0	epochs	1.0	0.04	225.0	0.4
85979.0	59.0	epochs	1.0	0.04	90.0	0.1
86069.0	60.0	epochs	1.0	0.04	225.0	0.8
86160.0	59.0	epochs	1.0	0.04	45.0	0.8
86250.0	60.0	epochs	1.0	0.04	270.0	0.8
86341.0	60.0	epochs	1.0	0.04	45.0	0.2
86431.0	60.0	epochs	1.0	0.04	225.0	0.2
86522.0	60.0	epochs	1.0	0.04	180.0	0.8
86612.0	60.0	epochs	1.0	0.04	90.0	0.4
86703.0	60.0	epochs	1.0	0.04	270.0	0.4
86793.0	60.0	epochs	1.0	0.04	45.0	0.6
86884.0	60.0	epochs	1.0	0.04	270.0	0.8
86974.0	60.0	epochs	1.0	0.04	135.0	0.2
87065.0	60.0	epochs	1.0	0.04	90.0	0.1
87155.0	60.0	epochs	1.0	0.04	90.0	0.2
87246.0	60.0	epochs	1.0	0.04	225.0	0.8
87336.0	60.0	epochs	1.0	0.04	225.0	0.8
87427.0	60.0	epochs	1.0	0.04	135.0	0.2
87517.0	60.0	epochs	1.0	0.04	90.0	0.1
87608.0	60.0	epochs	1.0	0.04	0.0	0.4
87698.0	60.0	epochs	1.0	0.04	180.0	0.2
87789.0	60.0	epochs	1.0	0.04	270.0	0.2
87880.0	59.0	epochs	1.0	0.04	315.0	0.05
87970.0	60.0	epochs	1.0	0.04	0.0	0.05
88061.0	59.0	epochs	1.0	0.04	225.0	0.8
88151.0	60.0	epochs	1.0	0.04	270.0	0.6
88242.0	59.0	epochs				
88332.0	60.0	epochs	1.0	0.04	225.0	0.6
88423.0	59.0	epochs	1.0	0.04	0.0	0.4
88513.0	60.0	epochs	1.0	0.04	45.0	0.2
88604.0	60.0	epochs	1.0	0.04	135.0	0.6
88694.0	60.0	epochs	1.0	0.04	0.0	0.1
88785.0	60.0	epochs	1.0	0.04	180.0	0.2
88875.0	60.0	epochs	1.0	0.04	225.0	0.4
88966.0	60.0	epochs	1.0	0.04	135.0	0.6
89056.0	60.0	epochs	1.0	0.04	45.0	0.1
89147.0	60.0	epochs	1.0	0.04	135.0	0.05
89237.0	60.0	epochs	1.0	0.04	225.0	0.05
89328.0	60.0	epochs	1.0	0.04	0.0	0.4
89418.0	60.0	epochs	1.0	0.04	0.0	0.1
89509.0	60.0	epochs	1.0	0.04	90.0	0.4
89599.0	60.0	epochs	1.0	0.04	90.0	0.1
89690.0	60.0	epochs	1.0	0.04	0.0	0.1
89780.0	60.0	epochs	1.0	0.04	270.0	0.1
89871.0	60.0	epochs	1.0	0.04	45.0	0.8
89961.0	60.0	epochs	1.0	0.04	0.0	0.2
90052.0	60.0	epochs	1.0	0.04	270.0	0.1
90143.0	59.0	epochs	1.0	0.04	135.0	0.05
90233.0	60.0	epochs	1.0	0.04	135.0	0.8
90324.0	59.0	epochs	1.0	0.04	315.0	0.4
90414.0	60.0	epochs	1.0	0.04	315.0	0.6
90505.0	59.0	epochs	1.0	0.04	270.0	0.4
90595.0	60.0	epochs	1.0	0.04	270.0	0.1
90686.0	59.0	epochs	1.0	0.04	180.0	0.2
90776.0	60.0	epochs	1.0	0.04	0.0	0.8
90867.0	60.0	epochs	1.0	0.04	0.0	0.6
90957.0	60.0	epochs	1.0	0.04	135.0	0.4
91048.0	60.0	epochs	1.0	0.04	45.0	0.6
91138.0	60.0	epochs	1.0	0.04	45.0	0.1
91229.0	60.0	epochs	1.0	0.04	135.0	0.6
91319.0	60.0	epochs	1.0	0.04	315.0	0.8
91410.0	60.0	epochs	1.0	0.04	0.0	0.2
91500.0	60.0	epochs	1.0	0.04	45.0	0.6
91591.0	60.0	epochs	1.0	0.04	315.0	0.6
91681.0	60.0	epochs	1.0	0.04	225.0	0.1
91772.0	60.0	epochs	1.0	0.04	225.0	0.05
91862.0	60.0	epochs	1.0	0.04	135.0	0.05
91953.0	60.0	epochs	1.0	0.04	0.0	0.05
92043.0	60.0	epochs	1.0	0.04	315.0	0.6
92134.0	60.0	epochs	1.0	0.04	0.0	0.2
92224.0	60.0	epochs	1.0	0.04	225.0	0.4
92315.0	60.0	epochs	1.0	0.04	135.0	0.1
92406.0	59.0	epochs	1.0	0.04	45.0	0.4
92496.0	60.0	epochs	1.0	0.04	270.0	0.1
92587.0	59.0	epochs	1.0	0.04	315.0	0.8
92677.0	60.0	epochs	1.0	0.04	225.0	0.1
92768.0	59.0	epochs	1.0	0.04	270.0	0.4
92858.0	60.0	epochs	1.0	0.04	45.0	0.6
92949.0	59.0	epochs	1.0	0.04	135.0	0.05
93039.0	60.0	epochs	1.0	0.04	270.0	0.4
93130.0	60.0	epochs				
93220.0	60.0	epochs	1.0	0.04	90.0	0.4
93311.0	60.0	epochs	1.0	0.04	180.0	0.05
93401.0	60.0	epochs	1.0	0.04	90.0	0.05
93492.0	60.0	epochs	1.0	0.04	0.0	0.1
93582.0	60.0	epochs	1.0	0.04	90.0	0.2
93673.0	60.0	epochs	1.0	0.04	45.0	0.1
93763.0	60.0	epochs	1.0	0.04	135.0	0.1
93854.0	60.0	epochs	1.0	0.04	0.0	0.8
93944.0	60.0	epochs	1.0	0.04	315.0	0.4
94035.0	60.0	epochs	1.0	0.04	0.0	0.05
94125.0	60.0	epochs	1.0	0.04	225.0	0.6
94216.0	60.0	epochs	1.0	0.04	45.0	0.05
94306.0	60.0	epochs	1.0	0.04	135.0	0.6
94397.0	60.0	epochs	1.0	0.04	0.0	0.1
94487.0	60.0	epochs	1.0	0.04	0.0	0.2
94578.0	60.0	epochs	1.0	0.04	135.0	0.4
94669.0	59.0	epochs	1.0	0.04	225.0	0.05
94759.0	60.0	epochs	1.0	0.04	0.0	0.4
94850.0	59.0	epochs	1.0	0.04	90.0	0.1
94940.0	60.0	epochs				
95031.0	59.0	epochs	1.0	0.04	225.0	0.05
95121.0	60.0	epochs	1.0	0.04	180.0	0.05
95212.0	59.0	epochs	1.0	0.04	180.0	0.2
95302.0	60.0	epochs	1.0	0.04	45.0	0.1
95393.0	60.0	epochs	1.0	0.04	270.0	0.05
95483.0	60.0	epochs	1.0	0.04	0.0	0.1
95574.0	60.0	epochs	1.0	0.04	315.0	0.8
95664.0	60.0	epochs	1.0	0.04	180.0	0.4
95755.0	60.0	epochs	1.0	0.04	45.0	0.2
95845.0	60.0	epochs	1.0	0.04	90.0	0.4
95936.0	60.0	epochs	1.0	0.04	180.0	0.8
96026.0	60.0	epochs	1.0	0.04	225.0	0.2
96117.0	60.0	epochs	1.0	0.04	90.0	0.2
96207.0	60.0	epochs	1.0	0.04	135.0	0.1
96298.0	60.0	epochs	1.0	0.04	315.0	0.1
96388.0	60.0	epochs	1.0	0.04	270.0	0.4
96479.0	60.0	epochs	1.0	0.04	315.0	0.05
96569.0	60.0	epochs	1.0	0.04	225.0	0.05
96660.0	60.0	epochs	1.0	0.04	315.0	0.6
96750.0	60.0	epochs	1.0	0.04	180.0	0.1
96841.0	60.0	epochs	1.0	0.04	0.0	0.1
96932.0	59.0	epochs	1.0	0.04	135.0	0.05
97022.0	60.0	epochs	1.0	0.04	315.0	0.4
97113.0	59.0	epochs	1.0	0.04	0.0	0.1
97203.0	60.0	epochs				
97294.0	59.0	epochs	1.0	0.04	225.0	0.4
97384.0	60.0	epochs	1.0	0.04	45.0	0.6
97475.0	59.0	epochs	1.0	0.04	315.0	0.4
97565.0	60.0	epochs	1.0	0.04	315.0	0.2
97656.0	60.0	epochs	1.0	0.04	135.0	0.2
97746.0	60.0	epochs	1.0	0.04	270.0	0.8
97837.0	60.0	epochs	1.0	0.04	135.0	0.6
97927.0	60.0	epochs	1.0	0.04	90.0	0.1
98018.0	60.0	epochs	1.0	0.04	225.0	0.1
98108.0	60.0	epochs	1.0	0.04	135.0	0.1
98199.0	60.0	epochs	1.0	0.04	90.0	0.4
98289.0	60.0	epochs	1.0	0.04	45.0	0.8
98380.0	60.0	epochs	1.0	0.04	315.0	0.05
98470.0	60.0	epochs	1.0	0.04	135.0	0.05
98561.0	60.0	epochs	1.0	0.04	270.0	0.8
98651.0	60.0	epochs	1.0	0.04	45.0	0.2
98742.0	60.0	epochs	1.0	0.04	135.0	0.4
98832.0	60.0	epochs	1.0	0.04	0.0	0.4
98923.0	60.0	epochs	1.0	0.04	45.0	0.05
99013.0	60.0	epochs	1.0	0.04	270.0	0.2
99104.0	60.0	epochs	1.0	0.04	180.0	0.05
99195.0	59.0	epochs	1.0	0.04	90.0	0.1
99285.0	60.0	epochs	1.0	0.04	315.0	0.4
99376.0	59.0	epochs	1.0	0.04	135.0	0.1
99466.0	60.0	epochs	1.0	0.04	315.0	0.05
99557.0	59.0	epochs	1.0	0.04	225.0	0.1
99647.0	60.0	epochs	1.0	0.04	180.0	0.1
99738.0	59.0	epochs	1.0	0.04	0.0	0.6
99828.0	60.0	epochs	1.0	0.04	315.0	0.1
99919.0	60.0	epochs	1.0	0.04	270.0	0.1
100009.0	60.0	epochs	1.0	0.04	0.0	0.2
100100.0	60.0	epochs	1.0	0.04	0.0	0.8
100190.0	60.0	epochs	1.0	0.04	45.0	0.05
100281.0	60.0	epochs	1.0	0.04	45.0	0.1
100371.0	60.0	epochs	1.0	0.04	270.0	0.05
100462.0	60.0	epochs	1.0	0.04	90.0	0.05
100552.0	60.0	epochs	1.0	0.04	315.0	0.05
100643.0	60.0	epochs	1.0	0.04	45.0	0.1
100733.0	60.0	epochs	1.0	0.04	315.0	0.4
100824.0	60.0	epochs	1.0	0.04	0.0	0.6
100914.0	60.0	epochs	1.0	0.04	135.0	0.2
101005.0	60.0	epochs	1.0	0.04	180.0	0.2
101095.0	60.0	epochs	1.0	0.04	135.0	0.4
101186.0	60.0	epochs	1.0	0.04	270.0	0.6
101276.0	60.0	epochs	1.0	0.04	180.0	0.2
101367.0	60.0	epochs	1.0	0.04	45.0	0.8
101457.0	60.0	epochs	1.0	0.04	135.0	0.05
101548.0	60.0	epochs	1.0	0.04	225.0	0.05
101639.0	59.0	epochs	1.0	0.04	225.0	0.05
101729.0	60.0	epochs	1.0	0.04	180.0	0.4
101820.0	59.0	epochs	1.0	0.04	45.0	0.6
101910.0	60.0	epochs	1.0	0.04	0.0	0.6
102001.0	59.0	epochs	1.0	0.04	45.0	0.2
102091.0	60.0	epochs	1.0	0.04	270.0	0.6
102182.0	59.0	epochs	1.0	0.04	0.0	0.2
102272.0	60.0	epochs	1.0	0.04	90.0	0.1
102363.0	60.0	epochs	1.0	0.04	90.0	0.8
102453.0	60.0	epochs	1.0	0.04	270.0	0.6
102544.0	60.0	epochs	1.0	0.04	270.0	0.1
102634.0	60.0	epochs	1.0	0.04	45.0	0.1
102725.0	60.0	epochs	1.0	0.04	0.0	0.05
102815.0	60.0	epochs	1.0	0.04	45.0	0.8
102906.0	60.0	epochs	1.0	0.04	90.0	0.4
102996.0	60.0	epochs	1.0	0.04	0.0	0.4
103087.0	60.0	epochs	1.0	0.04	0.0	0.8
103177.0	60.0	epochs	1.0	0.04	90.0	0.1
103268.0	60.0	epochs	1.0	0.04	225.0	0.05
103358.0	60.0	epochs	1.0	0.04	90.0	0.2
103449.0	60.0	epochs	1.0	0.04	135.0	0.2
103539.0	60.0	epochs	1.0	0.04	135.0	0.8
103630.0	60.0	epochs	1.0	0.04	270.0	0.8
103720.0	60.0	epochs	1.0	0.04	225.0	0.6
103811.0	60.0	epochs	1.0	0.04	180.0	0.8
103902.0	59.0	epochs	1.0	0.04	45.0	0.4
103992.0	60.0	epochs	1.0	0.04	0.0	0.8
104083.0	59.0	epochs				
104173.0	60.0	epochs	1.0	0.04	270.0	0.6
104264.0	59.0	epochs	1.0	0.04	180.0	0.8
104354.0	60.0	epochs	1.0	0.04	270.0	0.05
104445.0	59.0	epochs	1.0	0.04	270.0	0.6
104535.0	60.0	epochs	1.0	0.04	225.0	0.8
104626.0	60.0	epochs	1.0	0.04	270.0	0.1
104716.0	60.0	epochs	1.0	0.04	315.0	0.2
104807.0	60.0	epochs	1.0	0.04	45.0	0.8
104897.0	60.0	epochs	1.0	0.04	270.0	0.05
104988.0	60.0	epochs	1.0	0.04	45.0	0.2
105078.0	60.0	epochs	1.0	0.04	270.0	0.05
105169.0	60.0	epochs	1.0	0.04	315.0	0.8
105259.0	60.0	epochs	1.0	0.04	90.0	0.8
105350.0	60.0	epochs	1.0	0.04	180.0	0.05
105440.0	60.0	epochs	1.0	0.04	45.0	0.8
105531.0	60.0	epochs	1.0	0.04	135.0	0.2
105621.0	60.0	epochs	1.0	0.04	225.0	0.6
105712.0	60.0	epochs	1.0	0.04	315.0	0.1
105802.0	60.0	epochs	1.0	0.04	0.0	0.4
105893.0	60.0	epochs	1.0	0.04	270.0	0.05
105983.0	60.0	epochs	1.0	0.04	135.0	0.8
106074.0	60.0	epochs	1.0	0.04	315.0	0.05
106165.0	59.0	epochs	1.0	0.04	135.0	0.4
106255.0	60.0	epochs	1.0	0.04	315.0	0.2
106346.0	59.0	epochs	1.0	0.04	180.0	0.6
106436.0	60.0	epochs	1.0	0.04	135.0	0.8
106527.0	59.0	epochs	1.0	0.04	180.0	0.1
106617.0	60.0	epochs	1.0	0.04	135.0	0.05
106708.0	59.0	epochs	1.0	0.04	225.0	0.1
106798.0	60.0	epochs	1.0	0.04	135.0	0.6
